# Координати на населените места от района на РДПБЗН – Плевен (по ЕКАТТЕ; източник Wikidata, CC0). За картата в tarsene-proizshestviya.
ekatte,vid,naseleno_masto,obshtina,lat,lng
00744,с.,Асеново,Никопол,43.55277,24.8643
00761,с.,Асеновци,Левски,43.32644,25.09801
00802,с.,Аспарухово,Левски,43.39446,25.12506
02227,с.,Байкал,Долна Митрополия,43.70894,24.42696
02957,с.,Бацова махала,Никопол,43.50742,24.99873
03068,с.,Беглеж,Плевен,43.24682,24.4861
03366,гр.,Белене,Белене,43.64404,25.12536
03993,с.,Биволаре,Долна Митрополия,43.48831,24.5601
05013,с.,Божурица,Долна Митрополия,43.51015,24.59682
05044,с.,Божурлук,Левски,43.53458,25.18164
05493,с.,Борислав,Пордим,43.31981,24.96536
05921,с.,Бохот,Плевен,43.32126,24.69199
06210,с.,Брегаре,Долна Митрополия,43.59532,24.33089
06375,с.,Бреница,Кнежа,43.43154,24.13204
06402,с.,Брест,Гулянци,43.64174,24.59366
06433,с.,Бресте,Червен бряг,43.25959,24.00427
06495,с.,Брестовец,Плевен,43.35,24.6
06690,с.,Бръшляница,Плевен,43.54695,24.73137
06999,с.,Буковлък,Плевен,43.44385,24.61564
07274,с.,Българене,Левски,43.43996,25.07583
07524,с.,Бъркач,Долни Дъбник,43.29296,24.44091
07630,с.,Бяла вода,Белене,43.63333,25.01667
10080,с.,Варана,Левски,43.35561,25.2191
12365,с.,Въбел,Никопол,43.65241,24.89903
12601,с.,Вълчитрън,Пордим,43.3283,24.87021
12752,с.,Върбица,Плевен,43.46991,24.69681
14876,с.,Гиген,Гулянци,43.69521,24.48476
14888,с.,Искър,Гулянци,43.67,24.44944
14934,с.,Глава,Червен бряг,43.39853,24.19796
16345,с.,Горна Митрополия,Долна Митрополия,43.46177,24.46107
16537,с.,Горни Дъбник,Долни Дъбник,43.37985,24.35269
16540,с.,Горник,Червен бряг,43.28333,24.03333
17244,с.,Горско Сливово,Летница,43.20553,25.06957
17258,с.,Горталово,Плевен,43.31464,24.56854
17364,с.,Гостиля,Долна Митрополия,43.56422,24.2269
17470,с.,Градина,Долни Дъбник,43.35,24.46667
17556,с.,Градище,Левски,43.324,25.20391
17854,с.,Гривица,Плевен,43.41321,24.70541
18099,гр.,Гулянци,Гулянци,43.63706,24.69044
20314,с.,Дебово,Никопол,43.58981,24.88124
20383,с.,Девенци,Червен бряг,43.32117,24.16323
20537,с.,Деков,Белене,43.60062,25.11831
22215,гр.,Долна Митрополия,Долна Митрополия,43.46811,24.52006
22335,с.,Долни Вит,Гулянци,43.66162,24.75679
22407,гр.,Долни Дъбник,Долни Дъбник,43.40895,24.44024
22438,с.,Долни Луковит,Искър,43.51333,24.21506
23193,с.,Драгаш войвода,Никопол,43.67918,24.95919
24308,с.,Дъбован,Гулянци,43.72417,24.61211
24935,с.,Дисевица,Плевен,43.39859,24.51659
27019,с.,Евлогиево,Никопол,43.62756,24.87558
27509,с.,Еница,Кнежа,43.38216,24.06551
29310,с.,Жернов,Никопол,43.65539,24.86317
30199,с.,Загражден,Гулянци,43.74443,24.56098
30590,с.,Згалево,Пордим,43.37577,24.80098
32531,с.,Изгрев,Левски,43.47094,25.04313
35780,с.,Каменец,Пордим,43.34028,25.00428
36614,с.,Катерица,Пордим,43.31048,24.91782
37376,гр.,Кнежа,Кнежа,43.49307,24.08062
37647,с.,Козар Белене,Левски,43.40573,25.1567
37856,с.,Коиловци,Плевен,43.48482,24.76529
37863,гр.,Койнаре,Червен бряг,43.3557,24.14358
38145,с.,Комарево,Долна Митрополия,43.57577,24.62868
39712,с.,Крета,Гулянци,43.59967,24.67642
40195,с.,Крушовене,Долна Митрополия,43.64831,24.40113
40213,с.,Крушовица,Долни Дъбник,43.34911,24.415
40573,с.,Кулина вода,Белене,43.58597,25.03043
40974,с.,Къртожабене,Плевен,43.36112,24.53332
41037,с.,Къшин,Плевен,43.37518,24.58363
43044,с.,Лазарово,Кнежа,43.41835,24.09009
43147,с.,Ласкар,Плевен,43.27999,24.60172
43236,гр.,Левски,Левски,43.35921,25.13579
43284,с.,Ленково,Гулянци,43.57896,24.71123
43311,с.,Лепица,Червен бряг,43.32598,24.02877
43476,гр.,Летница,Летница,43.30897,25.05207
44152,с.,Лозица,Никопол,43.60459,25.00181
44536,с.,Любеново,Никопол,43.61389,24.93972
46841,с.,Малчика,Левски,43.41483,25.10855
47963,с.,Мечка,Плевен,43.5217,24.79994
48204,с.,Милковица,Гулянци,43.63333,24.75
49415,с.,Муселиево,Никопол,43.63461,24.85187
51620,с.,Николаево,Плевен,43.25625,24.60421
51723,гр.,Никопол,Никопол,43.69857,24.89241
51932,с.,Новачене,Никопол,43.54989,24.93633
53089,с.,Обнова,Левски,43.43461,24.98839
53446,с.,Одърне,Пордим,43.33333,24.93333
53583,с.,Опанец,Плевен,43.4475,24.57449
53655,с.,Ореховица,Долна Митрополия,43.58709,24.38426
55765,с.,Пелишат,Плевен,43.34888,24.8016
55782,гр.,Искър,Искър,43.45849,24.25832
56085,с.,Петокладенци,Белене,43.52314,25.11573
56201,с.,Петърница,Долни Дъбник,43.32565,24.47394
56493,с.,Писарово,Искър,43.42099,24.27591
56722,гр.,Плевен,Плевен,43.41319,24.61692
56865,с.,Победа,Долна Митрополия,43.50231,24.54859
57025,с.,Подем,Долна Митрополия,43.54028,24.59715
57772,гр.,Пордим,Пордим,43.37815,24.84759
61426,с.,Радишево,Плевен,43.37689,24.66546
61580,с.,Радомирци,Червен бряг,43.24818,24.20057
61950,с.,Ракита,Червен бряг,43.26996,24.27174
62116,с.,Ралево,Плевен,43.2966,24.60314
62503,с.,Реселец,Червен бряг,43.24252,24.0324
62596,с.,Рибен,Долна Митрополия,43.53078,24.626
63361,с.,Рупци,Червен бряг,43.27225,24.14536
65070,с.,Садовец,Долни Дъбник,43.30732,24.35104
65320,с.,Санадиново,Никопол,43.53803,25.00499
67012,с.,Славовица,Долна Митрополия,43.61653,24.45004
67088,гр.,Славяново,Плевен,43.46519,24.8722
68045,с.,Сомовит,Гулянци,43.68797,24.77512
68607,с.,Ставерци,Долна Митрополия,43.57215,24.27817
69095,с.,Староселци,Искър,43.53709,24.28337
69153,с.,Стежерово,Левски,43.50143,25.14981
70281,с.,Сухаче,Червен бряг,43.31485,24.00808
72117,с.,Татари,Белене,43.5616,25.16698
72206,с.,Телиш,Червен бряг,43.32723,24.26074
72566,с.,Тодорово,Плевен,43.33785,24.60033
72881,с.,Тотлебен,Пордим,43.43698,24.91269
73345,с.,Трънчовица,Левски,43.48584,24.99684
73359,гр.,Тръстеник,Долна Митрополия,43.52065,24.47161
73523,с.,Тученица,Плевен,43.34072,24.69408
73674,с.,Търнене,Плевен,43.38553,24.50801
80501,гр.,Червен бряг,Червен бряг,43.28063,24.0833
80697,с.,Черковица,Никопол,43.70275,24.83513
81551,с.,Чомаковци,Червен бряг,43.33037,24.06679
83394,с.,Шияково,Гулянци,43.60675,24.70395
87597,с.,Ясен,Плевен,43.42667,24.52222
