un,gazove
1162,HCl
1183,HCl
1196,HCl
1242,HCl
1250,HCl
1295,HCl
1298,HCl
1305,HCl
1340,H2S
1360,PH3
1384,H2S SO2
1390,NH3
1397,PH3
1419,PH3
1432,PH3
1541,HCN
1680,HCN
1689,HCN
1716,HBr
1717,HCl
1724,HCl
1725,HBr
1726,HCl
1728,HCl
1732,HF
1741,HCl
1745,Br2 HF
1746,Br2 HF
1747,HCl
1752,HCl
1753,HCl
1754,HCl
1758,HCl
1762,HCl
1763,HCl
1765,HCl
1766,HCl
1767,HCl
1769,HCl
1771,HCl
1777,HF
1781,HCl
1784,HCl
1799,HCl
1800,HCl
1801,HCl
1804,HCl
1806,HCl
1808,HBr
1809,HCl
1810,HCl
1815,HCl
1816,HCl
1818,HCl
1828,H2S HCl SO2
1834,HCl
1836,HCl SO2
1838,HCl
1898,HI
1923,H2S SO2
1929,H2S SO2
1931,H2S SO2
2004,NH3
2011,PH3
2012,PH3
2013,PH3
2308,NO2
2353,HCl
2395,HCl
2434,HCl
2435,HCl
2437,HCl
2495,HF
2691,HBr
2692,HBr
2806,NH3
2965,HF
2977,HF
2978,HF
2985,HCl
2986,HCl
2987,HCl
2988,HCl
3048,PH3
3361,HCl
3362,HCl
3456,NO2
3507,HF
9191,Cl2
