hin,opisanie
1.5D,"Взривно вещество от подклас 1.5, група на съвместимост D (превоз в цистерна)"
20,Задушаващ газ или газ без допълнителна опасност
22,"Охладен втечнен газ, задушаващ"
223,"Охладен втечнен газ, запалим"
225,"Охладен втечнен газ, окисляващ (усилва горенето)"
23,Запалим газ
238,"Запалим газ, корозивен"
239,"Запалим газ, който може спонтанно да встъпи в бурна реакция"
25,Окисляващ газ (усилва горенето)
26,Токсичен газ
263,"Токсичен газ, запалим"
265,"Токсичен газ, окисляващ (усилва горенето)"
268,"Токсичен газ, корозивен"
28,"Газ, корозивен"
30,"Запалима течност (пламна температура от 23 °C до 60 °C включително); или запалима течност или твърдо вещество в разтопено състояние с пламна температура над 60 °C, загрети до температура, равна или по-висока от пламната им температура; или самонагряваща се течност"
323,"Запалима течност, която реагира с вода, отделяйки запалими газове"
X323,"Запалима течност, която реагира опасно с вода, отделяйки запалими газове"
33,Лесно запалима течност (пламна температура под 23 °C)
333,Пирофорна (самозапалваща се) течност
X333,"Пирофорна (самозапалваща се) течност, която реагира опасно с вода"
336,"Лесно запалима течност, токсична"
338,"Лесно запалима течност, корозивна"
X338,"Лесно запалима течност, корозивна, която реагира опасно с вода"
339,"Лесно запалима течност, която може спонтанно да встъпи в бурна реакция"
36,"Запалима течност (пламна температура от 23 °C до 60 °C включително), слабо токсична; или самонагряваща се течност, токсична"
362,"Запалима течност, токсична, която реагира с вода, отделяйки запалими газове"
X362,"Запалима течност, токсична, която реагира опасно с вода, отделяйки запалими газове"
368,"Запалима течност, токсична, корозивна"
38,"Запалима течност (пламна температура от 23 °C до 60 °C включително), слабо корозивна; или самонагряваща се течност, корозивна"
382,"Запалима течност, корозивна, която реагира с вода, отделяйки запалими газове"
X382,"Запалима течност, корозивна, която реагира опасно с вода, отделяйки запалими газове"
39,"Запалима течност, която може спонтанно да встъпи в бурна реакция"
40,"Запалимо твърдо вещество, или самореагиращо вещество, или самонагряващо се вещество, или полимеризиращо вещество"
423,"Твърдо вещество, което реагира с вода, отделяйки запалими газове; или запалимо твърдо вещество, което реагира с вода, отделяйки запалими газове; или самонагряващо се твърдо вещество, което реагира с вода, отделяйки запалими газове"
X423,"Твърдо вещество, което реагира опасно с вода, отделяйки запалими газове; или запалимо твърдо вещество, което реагира опасно с вода, отделяйки запалими газове; или самонагряващо се твърдо вещество, което реагира опасно с вода, отделяйки запалими газове"
43,Самозапалващо се (пирофорно) твърдо вещество
X432,"Самозапалващо се (пирофорно) твърдо вещество, което реагира опасно с вода, отделяйки запалими газове"
44,"Запалимо твърдо вещество, в разтопено състояние при повишена температура"
446,"Запалимо твърдо вещество, токсично, в разтопено състояние при повишена температура"
46,"Запалимо или самонагряващо се твърдо вещество, токсично"
462,"Токсично твърдо вещество, което реагира с вода, отделяйки запалими газове"
X462,"Твърдо вещество, което реагира опасно с вода, отделяйки токсични газове"
48,"Запалимо или самонагряващо се твърдо вещество, корозивно"
482,"Корозивно твърдо вещество, което реагира с вода, отделяйки запалими газове"
X482,"Твърдо вещество, което реагира опасно с вода, отделяйки корозивни газове"
50,Окисляващо вещество (усилва горенето)
539,Запалим органичен пероксид
55,Силно окисляващо вещество (усилва горенето)
556,"Силно окисляващо вещество (усилва горенето), токсично"
558,"Силно окисляващо вещество (усилва горенето), корозивно"
559,"Силно окисляващо вещество (усилва горенето), което може спонтанно да встъпи в бурна реакция"
56,"Окисляващо вещество (усилва горенето), токсично"
568,"Окисляващо вещество (усилва горенето), токсично, корозивно"
58,"Окисляващо вещество (усилва горенето), корозивно"
59,"Окисляващо вещество (усилва горенето), което може спонтанно да встъпи в бурна реакция"
60,Токсично или слабо токсично вещество
606,Инфекциозно вещество
623,"Токсична течност, която реагира с вода, отделяйки запалими газове"
63,"Токсично вещество, запалимо (пламна температура от 23 °C до 60 °C включително)"
638,"Токсично вещество, запалимо (пламна температура от 23 °C до 60 °C включително), корозивно"
639,"Токсично вещество, запалимо (пламна температура не по-висока от 60 °C), което може спонтанно да встъпи в бурна реакция"
64,"Токсично твърдо вещество, запалимо или самонагряващо се"
642,"Токсично твърдо вещество, което реагира с вода, отделяйки запалими газове"
65,"Токсично вещество, окисляващо (усилва горенето)"
66,Силно токсично вещество
663,"Силно токсично вещество, запалимо (пламна температура не по-висока от 60 °C)"
664,"Силно токсично твърдо вещество, запалимо или самонагряващо се"
665,"Силно токсично вещество, окисляващо (усилва горенето)"
668,"Силно токсично вещество, корозивно"
X668,"Силно токсично вещество, корозивно, което реагира опасно с вода"
669,"Силно токсично вещество, което може спонтанно да встъпи в бурна реакция"
68,"Токсично вещество, корозивно"
69,"Токсично или слабо токсично вещество, което може спонтанно да встъпи в бурна реакция"
70,Радиоактивен материал
768,"Радиоактивен материал, токсичен, корозивен"
78,"Радиоактивен материал, корозивен"
80,Корозивно или слабо корозивно вещество
X80,"Корозивно или слабо корозивно вещество, което реагира опасно с вода"
823,"Корозивна течност, която реагира с вода, отделяйки запалими газове"
83,"Корозивно или слабо корозивно вещество, запалимо (пламна температура от 23 °C до 60 °C включително)"
X83,"Корозивно или слабо корозивно вещество, запалимо (пламна температура от 23 °C до 60 °C включително), което реагира опасно с вода"
836,"Корозивно или слабо корозивно вещество, запалимо (пламна температура от 23 °C до 60 °C включително) и токсично"
839,"Корозивно или слабо корозивно вещество, запалимо (пламна температура от 23 °C до 60 °C включително), което може спонтанно да встъпи в бурна реакция"
X839,"Корозивно или слабо корозивно вещество, запалимо (пламна температура от 23 °C до 60 °C включително), което може спонтанно да встъпи в бурна реакция и което реагира опасно с вода"
84,"Корозивно твърдо вещество, запалимо или самонагряващо се"
842,"Корозивно твърдо вещество, което реагира с вода, отделяйки запалими газове"
85,"Корозивно или слабо корозивно вещество, окисляващо (усилва горенето)"
856,"Корозивно или слабо корозивно вещество, окисляващо (усилва горенето) и токсично"
86,"Корозивно или слабо корозивно вещество, токсично"
88,Силно корозивно вещество
X88,"Силно корозивно вещество, което реагира опасно с вода"
883,"Силно корозивно вещество, запалимо (пламна температура от 23 °C до 60 °C включително)"
884,"Силно корозивно твърдо вещество, запалимо или самонагряващо се"
885,"Силно корозивно вещество, окисляващо (усилва горенето)"
886,"Силно корозивно вещество, токсично"
X886,"Силно корозивно вещество, токсично, което реагира опасно с вода"
89,"Корозивно или слабо корозивно вещество, което може спонтанно да встъпи в бурна реакция"
90,"Вещество, опасно за околната среда; различни опасни вещества"
99,"Различни опасни вещества, превозвани при повишена температура"
