klas,opisanie,etiket_cvyat
1,Взривни вещества и изделия,оранжев ромб с избухваща бомба
1.1,Взривни вещества и изделия с опасност от масов взрив,оранжев ромб с избухваща бомба
1.2,"Взривни вещества и изделия с опасност от разлитане на осколки, без опасност от масов взрив",оранжев ромб с избухваща бомба
1.3,"Взривни вещества и изделия с опасност от пожар и слаба опасност от взрив или разлитане, без опасност от масов взрив",оранжев ромб с избухваща бомба
1.4,Взривни вещества и изделия със слаба опасност от взрив,оранжев ромб с цифри 1.4
1.5,Много нечувствителни взривни вещества с опасност от масов взрив,оранжев ромб с цифри 1.5
1.6,Изключително нечувствителни изделия без опасност от масов взрив,оранжев ромб с цифри 1.6
2,Газове,"червен (2.1), зелен (2.2) или бял с череп (2.3) ромб"
2.1,Запалими газове,червен ромб с пламък
2.2,"Незапалими, нетоксични газове",зелен ромб с газова бутилка
2.3,Токсични газове,бял ромб с череп и кости
3,Запалими течности,червен ромб с пламък
4.1,"Запалими твърди вещества, самореагиращи вещества, полимеризиращи вещества и десенсибилизирани твърди взривни вещества",ромб на бели и червени вертикални ивици с пламък
4.2,Самозапалващи се вещества,"ромб – горна половина бяла, долна червена, с пламък"
4.3,"Вещества, които при контакт с вода отделят запалими газове",син ромб с пламък
5.1,Окисляващи вещества,жълт ромб с пламък над кръг
5.2,Органични пероксиди,"ромб – горна половина червена, долна жълта, с пламък"
6.1,Токсични вещества,бял ромб с череп и кости
6.2,Инфекциозни вещества,бял ромб с три полумесеца върху кръг
7,Радиоактивни материали,"ромб – бял (I) или жълто-бял (II, III) с трилистник"
8,Корозивни вещества,"ромб – горна половина бяла, долна черна; течност, капеща върху ръка и метал"
9,Различни опасни вещества и изделия,ромб с черни вертикални ивици в горната половина; 9А – с батерии в долната половина
