un,dumi
1001,ацетилен
1002,сгъстен въздух
1005,амоняк
1006,аргон
1011,бутан
1013,въглероден диоксид; CO2; въглероден двуокис
1016,въглероден оксид; CO
1017,хлор
1040,етиленов оксид
1046,хелий
1049,водород
1057,запалки
1066,азот сгъстен
1072,кислород
1073,течен кислород
1075,пропан-бутан; пропан бутан; LPG; газ пропан-бутан; втечнен нефтен газ
1079,серен диоксид; серен двуокис
1090,ацетон
1114,бензен; бензол
1170,спирт; етилов алкохол; етилов спирт
1202,нафта; дизел; дизелово гориво; газьол
1203,бензин
1223,керосин; газ за осветление
1230,метанол; метилов спирт; метилов алкохол
1263,бои; лакове; разредители
1267,суров нефт; суров петрол
1294,толуен; толуол
1307,ксилен; ксилол
1402,калциев карбид; карбит
1428,натрий
1789,солна киселина
1791,белина; хипохлорит
1805,фосфорна киселина
1824,сода каустик; натриева основа
1830,сярна киселина
1845,сух лед
1863,авиационно гориво; самолетно гориво; Jet A-1
1942,амониева селитра; амониев нитрат
1950,аерозоли; спрей; флакони
1965,пропан-бутан; пропан бутан; LPG; газ пропан-бутан; втечнен нефтен газ
1971,метан; природен газ; CNG; сгъстен природен газ
1972,втечнен природен газ; LNG
1977,течен азот
1978,пропан
1999,битум; катран; гудрон
2014,кислородна вода; перхидрол; водороден пероксид
2031,азотна киселина
2067,амониева селитра; торове с амониев нитрат
2187,течен въглероден диоксид; течен CO2
2672,амонячна вода
2794,акумулатори; оловни акумулатори; киселинни акумулатори
3077,опасно за околната среда твърдо вещество
3082,опасно за околната среда течност
3166,автомобил; превозно средство с двигател; хибрид
3171,електромобил; електрически автомобил; електрическа тротинетка; електрически велосипед
3257,горещ битум; горещ асфалт
3480,литиево-йонни батерии; литиеви батерии; литиевойонни батерии
3481,литиево-йонни батерии в оборудване; батерии в устройства
3556,електромобил; електрически автомобил с литиево-йонна батерия
